Admin 2 FIPS Code;Province/State;Admin 2 Level (City/County/Borough/Region);Date;Total Death;Total Confirmed;location
6037;California;Los Angeles;1 10 2022;33603;3456407;34.30828379, -118.2282411
6037;California;Los Angeles;30 09 2022;33603;3456407;34.30828379, -118.2282411
6037;California;Los Angeles;25 09 2022;33532;3447249;34.30828379, -118.2282411
6037;California;Los Angeles;24 09 2022;33532;3447249;34.30828379, -118.2282411
6037;California;Los Angeles;19 09 2022;33483;3441113;34.30828379, -118.2282411
6037;California;Los Angeles;17 09 2022;33447;3437648;34.30828379, -118.2282411
6037;California;Los Angeles;13 09 2022;33398;3431991;34.30828379, -118.2282411
6037;California;Los Angeles;10 09 2022;33348;3425863;34.30828379, -118.2282411
6037;California;Los Angeles;5 09 2022;33209;3418798;34.30828379, -118.2282411
6037;California;Los Angeles;1 09 2022;33171;3410937;34.30828379, -118.2282411
6037;California;Los Angeles;31 08 2022;33155;3408413;34.30828379, -118.2282411
6037;California;Los Angeles;27 08 2022;33096;3396657;34.30828379, -118.2282411
6037;California;Los Angeles;23 08 2022;33041;3386161;34.30828379, -118.2282411
6037;California;Los Angeles;22 08 2022;33027;3383792;34.30828379, -118.2282411
6037;California;Los Angeles;21 08 2022;32991;3371673;34.30828379, -118.2282411
6037;California;Los Angeles;16 08 2022;32961;3363706;34.30828379, -118.2282411
6037;California;Los Angeles;15 08 2022;32948;3361061;34.30828379, -118.2282411
6037;California;Los Angeles;9 08 2022;32869;3338352;34.30828379, -118.2282411
6037;California;Los Angeles;31 07 2022;32708;3292692;34.30828379, -118.2282411
6037;California;Los Angeles;25 07 2022;32637;3268588;34.30828379, -118.2282411
6037;California;Los Angeles;24 07 2022;32604;3253323;34.30828379, -118.2282411
6037;California;Los Angeles;22 07 2022;32604;3253323;34.30828379, -118.2282411
6037;California;Los Angeles;15 07 2022;32508;3207071;34.30828379, -118.2282411
6037;California;Los Angeles;8 07 2022;32397;3153690;34.30828379, -118.2282411
6037;California;Los Angeles;22 06 2022;32271;3076849;34.30828379, -118.2282411
6037;California;Los Angeles;17 06 2022;32250;3057004;34.30828379, -118.2282411
6037;California;Los Angeles;16 06 2022;32245;3051930;34.30828379, -118.2282411
6037;California;Los Angeles;15 06 2022;32236;3047469;34.30828379, -118.2282411
6037;California;Los Angeles;7 06 2022;32178;3008619;34.30828379, -118.2282411
6037;California;Los Angeles;27 05 2022;32117;2961673;34.30828379, -118.2282411
6037;California;Los Angeles;29 05 2022;32117;2961673;34.30828379, -118.2282411
6037;California;Los Angeles;26 05 2022;32109;2955954;34.30828379, -118.2282411
6037;California;Los Angeles;24 05 2022;32095;2945669;34.30828379, -118.2282411
6037;California;Los Angeles;20 05 2022;32074;2929950;34.30828379, -118.2282411
6037;California;Los Angeles;19 05 2022;32064;2926848;34.30828379, -118.2282411
6037;California;Los Angeles;15 05 2022;32022;2907721;34.30828379, -118.2282411
6037;California;Los Angeles;11 05 2022;32007;2900449;34.30828379, -118.2282411
6037;California;Los Angeles;10 05 2022;32000;2897513;34.30828379, -118.2282411
6037;California;Los Angeles;3 05 2022;31977;2879817;34.30828379, -118.2282411
6037;California;Los Angeles;28 04 2022;31959;2869785;34.30828379, -118.2282411
6037;California;Los Angeles;26 04 2022;31941;2865825;34.30828379, -118.2282411
6037;California;Los Angeles;15 04 2022;31852;2850480;34.30828379, -118.2282411
6037;California;Los Angeles;11 04 2022;31807;2846303;34.30828379, -118.2282411
6037;California;Los Angeles;10 04 2022;31770;2843599;34.30828379, -118.2282411
6037;California;Los Angeles;5 04 2022;31722;2837430;34.30828379, -118.2282411
6037;California;Los Angeles;1 04 2022;31683;2834317;34.30828379, -118.2282411
6037;California;Los Angeles;29 03 2022;31626;2831655;34.30828379, -118.2282411
6037;California;Los Angeles;28 03 2022;31619;2831103;34.30828379, -118.2282411
6037;California;Los Angeles;25 03 2022;31576;2829091;34.30828379, -118.2282411
6037;California;Los Angeles;22 03 2022;31508;2826077;34.30828379, -118.2282411
6037;California;Los Angeles;21 03 2022;31491;2825423;34.30828379, -118.2282411
6037;California;Los Angeles;20 03 2022;31462;2823354;34.30828379, -118.2282411
6037;California;Los Angeles;18 03 2022;31443;2820159;34.30828379, -118.2282411
6037;California;Los Angeles;17 03 2022;31408;2817190;34.30828379, -118.2282411
6037;California;Los Angeles;13 03 2022;31275;2811864;34.30828379, -118.2282411
6037;California;Los Angeles;8 03 2022;31084;2805949;34.30828379, -118.2282411
6037;California;Los Angeles;6 03 2022;31005;2803476;34.30828379, -118.2282411
6037;California;Los Angeles;2 03 2022;30853;2799169;34.30828379, -118.2282411
6037;California;Los Angeles;1 03 2022;30773;2797628;34.30828379, -118.2282411
6037;California;Los Angeles;21 02 2022;30376;2784276;34.30828379, -118.2282411
6037;California;Los Angeles;13 02 2022;29902;2761870;34.30828379, -118.2282411
6037;California;Los Angeles;12 02 2022;29846;2757058;34.30828379, -118.2282411
6037;California;Los Angeles;10 02 2022;29690;2746866;34.30828379, -118.2282411
6037;California;Los Angeles;9 02 2022;29609;2740700;34.30828379, -118.2282411
6037;California;Los Angeles;8 02 2022;29506;2735688;34.30828379, -118.2282411
6037;California;Los Angeles;7 02 2022;29457;2731409;34.30828379, -118.2282411
6037;California;Los Angeles;6 02 2022;29428;2727159;34.30828379, -118.2282411
6037;California;Los Angeles;5 02 2022;29364;2720216;34.30828379, -118.2282411
6037;California;Los Angeles;1 02 2022;28998;2668094;34.30828379, -118.2282411
6037;California;Los Angeles;26 01 2022;28630;2560768;34.30828379, -118.2282411
6037;California;Los Angeles;23 01 2022;28480;2494097;34.30828379, -118.2282411
6037;California;Los Angeles;22 01 2022;28417;2467797;34.30828379, -118.2282411
6037;California;Los Angeles;16 01 2022;28059;2257502;34.30828379, -118.2282411
6037;California;Los Angeles;14 01 2022;27942;2172008;34.30828379, -118.2282411
6037;California;Los Angeles;13 01 2022;27895;2131523;34.30828379, -118.2282411
6037;California;Los Angeles;10 01 2022;27798;2010964;34.30828379, -118.2282411
6037;California;Los Angeles;2 01 2022;27640;1741292;34.30828379, -118.2282411
6037;California;Los Angeles;31 12 2021;27637;1696582;34.30828379, -118.2282411
6037;California;Los Angeles;29 12 2021;27601;1649376;34.30828379, -118.2282411
6037;California;Los Angeles;26 12 2021;27546;1616033;34.30828379, -118.2282411
6037;California;Los Angeles;24 12 2021;27533;1595239;34.30828379, -118.2282411
6037;California;Los Angeles;23 12 2021;27512;1585313;34.30828379, -118.2282411
6037;California;Los Angeles;21 12 2021;27473;1570230;34.30828379, -118.2282411
6037;California;Los Angeles;16 12 2021;27388;1553366;34.30828379, -118.2282411
6037;California;Los Angeles;12 12 2021;27330;1547042;34.30828379, -118.2282411
6037;California;Los Angeles;10 12 2021;27304;1543784;34.30828379, -118.2282411
6037;California;Los Angeles;7 12 2021;27262;1538451;34.30828379, -118.2282411
6037;California;Los Angeles;5 12 2021;27246;1536351;34.30828379, -118.2282411
6037;California;Los Angeles;3 12 2021;27225;1532430;34.30828379, -118.2282411
6037;California;Los Angeles;1 12 2021;27184;1528586;34.30828379, -118.2282411
6037;California;Los Angeles;30 11 2021;27166;1527132;34.30828379, -118.2282411
6037;California;Los Angeles;24 11 2021;27074;1522240;34.30828379, -118.2282411
6037;California;Los Angeles;22 11 2021;27017;1520504;34.30828379, -118.2282411
6037;California;Los Angeles;7 11 2021;26750;1502676;34.30828379, -118.2282411
6037;California;Los Angeles;6 11 2021;26740;1501527;34.30828379, -118.2282411
6037;California;Los Angeles;3 11 2021;26683;1496593;34.30828379, -118.2282411
6037;California;Los Angeles;1 11 2021;26644;1494119;34.30828379, -118.2282411
6037;California;Los Angeles;26 10 2021;26579;1486614;34.30828379, -118.2282411
6037;California;Los Angeles;25 10 2021;26552;1485769;34.30828379, -118.2282411
6037;California;Los Angeles;24 10 2021;26549;1485105;34.30828379, -118.2282411
6037;California;Los Angeles;19 10 2021;26446;1479421;34.30828379, -118.2282411
6037;California;Los Angeles;18 10 2021;26443;1477686;34.30828379, -118.2282411
6037;California;Los Angeles;16 10 2021;26398;1475694;34.30828379, -118.2282411
6037;California;Los Angeles;12 10 2021;26346;1472419;34.30828379, -118.2282411
6037;California;Los Angeles;10 10 2021;26312;1470829;34.30828379, -118.2282411
6037;California;Los Angeles;9 10 2021;26308;1469790;34.30828379, -118.2282411
6037;California;Los Angeles;6 10 2021;26226;1466248;34.30828379, -118.2282411
6037;California;Los Angeles;5 10 2021;26195;1464793;34.30828379, -118.2282411
6037;California;Los Angeles;1 10 2021;26126;1460645;34.30828379, -118.2282411
6037;California;Los Angeles;30 09 2021;26106;1459182;34.30828379, -118.2282411
6037;California;Los Angeles;24 09 2021;25972;1451438;34.30828379, -118.2282411
6037;California;Los Angeles;22 09 2021;25911;1448065;34.30828379, -118.2282411
6037;California;Los Angeles;21 09 2021;25870;1446348;34.30828379, -118.2282411
6037;California;Los Angeles;19 09 2021;25849;1444127;34.30828379, -118.2282411
6037;California;Los Angeles;13 09 2021;25688;1433465;34.30828379, -118.2282411
6037;California;Los Angeles;8 09 2021;25514;1423620;34.30828379, -118.2282411
6037;California;Los Angeles;6 09 2021;25465;1420560;34.30828379, -118.2282411
6037;California;Los Angeles;3 09 2021;25401;1414854;34.30828379, -118.2282411
6037;California;Los Angeles;2 09 2021;25366;1412379;34.30828379, -118.2282411
6037;California;Los Angeles;1 09 2021;25326;1409684;34.30828379, -118.2282411
6037;California;Los Angeles;25 08 2021;25152;1391513;34.30828379, -118.2282411
6037;California;Los Angeles;21 08 2021;25061;1380415;34.30828379, -118.2282411
6037;California;Los Angeles;13 08 2021;24874;1342839;34.30828379, -118.2282411
6037;California;Los Angeles;10 08 2021;24806;1332289;34.30828379, -118.2282411
6037;California;Los Angeles;9 08 2021;24793;1329537;34.30828379, -118.2282411
6037;California;Los Angeles;7 08 2021;24772;1323345;34.30828379, -118.2282411
6037;California;Los Angeles;5 08 2021;24740;1315677;34.30828379, -118.2282411
6037;California;Los Angeles;1 08 2021;24691;1303343;34.30828379, -118.2282411
6037;California;Los Angeles;29 07 2021;24677;1293583;34.30828379, -118.2282411
6037;California;Los Angeles;25 07 2021;24628;1283844;34.30828379, -118.2282411
6037;California;Los Angeles;24 07 2021;24624;1281760;34.30828379, -118.2282411
6037;California;Los Angeles;16 07 2021;24582;1264450;34.30828379, -118.2282411
6037;California;Los Angeles;15 07 2021;24578;1261164;34.30828379, -118.2282411
6037;California;Los Angeles;13 07 2021;24559;1259992;34.30828379, -118.2282411
6037;California;Los Angeles;6 07 2021;24522;1253106;34.30828379, -118.2282411
6037;California;Los Angeles;30 06 2021;24498;1250240;34.30828379, -118.2282411
6037;California;Los Angeles;27 06 2021;24490;1249304;34.30828379, -118.2282411
6037;California;Los Angeles;25 06 2021;24480;1248737;34.30828379, -118.2282411
6037;California;Los Angeles;24 06 2021;24472;1248415;34.30828379, -118.2282411
6037;California;Los Angeles;23 06 2021;24461;1248161;34.30828379, -118.2282411
6037;California;Los Angeles;22 06 2021;24459;1247909;34.30828379, -118.2282411
6037;California;Los Angeles;20 06 2021;24454;1247618;34.30828379, -118.2282411
6037;California;Los Angeles;13 06 2021;24434;1246129;34.30828379, -118.2282411
6037;California;Los Angeles;9 06 2021;24426;1245588;34.30828379, -118.2282411
6037;California;Los Angeles;7 06 2021;24410;1245254;34.30828379, -118.2282411
6037;California;Los Angeles;29 05 2021;24357;1243712;34.30828379, -118.2282411
6037;California;Los Angeles;27 05 2021;24323;1243338;34.30828379, -118.2282411
6037;California;Los Angeles;26 05 2021;24212;1239306;34.30828379, -118.2282411
6037;California;Los Angeles;14 05 2021;24083;1237021;34.30828379, -118.2282411
6037;California;Los Angeles;12 05 2021;24048;1236256;34.30828379, -118.2282411
6037;California;Los Angeles;28 04 2021;23833;1232391;34.30828379, -118.2282411
6037;California;Los Angeles;24 04 2021;23785;1231186;34.30828379, -118.2282411
6037;California;Los Angeles;23 04 2021;23762;1230398;34.30828379, -118.2282411
6037;California;Los Angeles;17 04 2021;23628;1228641;34.30828379, -118.2282411
6037;California;Los Angeles;14 04 2021;23553;1226964;34.30828379, -118.2282411
6037;California;Los Angeles;12 04 2021;23503;1226219;34.30828379, -118.2282411
6037;California;Los Angeles;11 04 2021;23493;1225796;34.30828379, -118.2282411
6037;California;Los Angeles;8 04 2021;23390;1223821;34.30828379, -118.2282411
6037;California;Los Angeles;31 03 2021;23144;1219614;34.30828379, -118.2282411
6037;California;Los Angeles;23 03 2021;22879;1215179;34.30828379, -118.2282411
6037;California;Los Angeles;22 03 2021;22815;1214754;34.30828379, -118.2282411
6037;California;Los Angeles;20 03 2021;22778;1213792;34.30828379, -118.2282411
6037;California;Los Angeles;19 03 2021;22722;1213288;34.30828379, -118.2282411
6037;California;Los Angeles;16 03 2021;22521;1210961;34.30828379, -118.2282411
6037;California;Los Angeles;14 03 2021;22474;1210270;34.30828379, -118.2282411
6037;California;Los Angeles;9 03 2021;22104;1205327;34.30828379, -118.2282411
6037;California;Los Angeles;6 03 2021;22015;1201868;34.30828379, -118.2282411
6037;California;Los Angeles;5 03 2021;21916;1200128;34.30828379, -118.2282411
6037;California;Los Angeles;1 03 2021;21467;1192954;34.30828379, -118.2282411
6037;California;Los Angeles;27 02 2021;21328;1190894;34.30828379, -118.2282411
6037;California;Los Angeles;22 02 2021;19906;1181469;34.30828379, -118.2282411
6037;California;Los Angeles;19 02 2021;19670;1176843;34.30828379, -118.2282411
6037;California;Los Angeles;18 02 2021;19514;1174340;34.30828379, -118.2282411
6037;California;Los Angeles;17 02 2021;19381;1171865;34.30828379, -118.2282411
6037;California;Los Angeles;14 02 2021;19068;1166552;34.30828379, -118.2282411
6037;California;Los Angeles;9 02 2021;18367;1152430;34.30828379, -118.2282411
6037;California;Los Angeles;6 02 2021;17959;1143591;34.30828379, -118.2282411
4013;Arizona;Maricopa;5 10 2022;17956;1426763;33.34835867, -112.4918154
4013;Arizona;Maricopa;6 10 2022;17956;1426763;33.34835867, -112.4918154
4013;Arizona;Maricopa;2 10 2022;17940;1424974;33.34835867, -112.4918154
4013;Arizona;Maricopa;4 10 2022;17940;1424974;33.34835867, -112.4918154
4013;Arizona;Maricopa;29 09 2022;17940;1424974;33.34835867, -112.4918154
4013;Arizona;Maricopa;27 09 2022;17910;1423388;33.34835867, -112.4918154
4013;Arizona;Maricopa;17 09 2022;17865;1421340;33.34835867, -112.4918154
4013;Arizona;Maricopa;11 09 2022;17821;1417741;33.34835867, -112.4918154
4013;Arizona;Maricopa;9 09 2022;17821;1417741;33.34835867, -112.4918154
4013;Arizona;Maricopa;13 09 2022;17821;1417741;33.34835867, -112.4918154
4013;Arizona;Maricopa;2 09 2022;17792;1415836;33.34835867, -112.4918154
4013;Arizona;Maricopa;4 09 2022;17792;1415836;33.34835867, -112.4918154
4013;Arizona;Maricopa;5 09 2022;17792;1415836;33.34835867, -112.4918154
4013;Arizona;Maricopa;27 08 2022;17759;1410942;33.34835867, -112.4918154
4013;Arizona;Maricopa;23 08 2022;17726;1406462;33.34835867, -112.4918154
4013;Arizona;Maricopa;22 08 2022;17726;1406462;33.34835867, -112.4918154
4013;Arizona;Maricopa;10 08 2022;17692;1399709;33.34835867, -112.4918154
4013;Arizona;Maricopa;5 08 2022;17664;1392047;33.34835867, -112.4918154
4013;Arizona;Maricopa;6 08 2022;17664;1392047;33.34835867, -112.4918154
4013;Arizona;Maricopa;4 08 2022;17664;1392047;33.34835867, -112.4918154
4013;Arizona;Maricopa;30 07 2022;17616;1383592;33.34835867, -112.4918154
4013;Arizona;Maricopa;29 07 2022;17616;1383592;33.34835867, -112.4918154
4013;Arizona;Maricopa;27 07 2022;17616;1383592;33.34835867, -112.4918154
6037;California;Los Angeles;4 02 2021;17555;1134595;34.30828379, -118.2282411
4013;Arizona;Maricopa;18 07 2022;17550;1364256;33.34835867, -112.4918154
4013;Arizona;Maricopa;17 07 2022;17550;1364256;33.34835867, -112.4918154
4013;Arizona;Maricopa;14 07 2022;17550;1364256;33.34835867, -112.4918154
4013;Arizona;Maricopa;11 07 2022;17526;1355204;33.34835867, -112.4918154
4013;Arizona;Maricopa;29 06 2022;17495;1345286;33.34835867, -112.4918154
4013;Arizona;Maricopa;22 06 2022;17449;1334889;33.34835867, -112.4918154
4013;Arizona;Maricopa;10 06 2022;17414;1314887;33.34835867, -112.4918154
4013;Arizona;Maricopa;1 06 2022;17384;1305383;33.34835867, -112.4918154
4013;Arizona;Maricopa;21 05 2022;17342;1288395;33.34835867, -112.4918154
4013;Arizona;Maricopa;19 05 2022;17342;1288395;33.34835867, -112.4918154
4013;Arizona;Maricopa;20 05 2022;17342;1288395;33.34835867, -112.4918154
4013;Arizona;Maricopa;18 05 2022;17342;1288395;33.34835867, -112.4918154
4013;Arizona;Maricopa;11 05 2022;17326;1283590;33.34835867, -112.4918154
4013;Arizona;Maricopa;13 05 2022;17326;1283590;33.34835867, -112.4918154
6037;California;Los Angeles;3 02 2021;17324;1129730;34.30828379, -118.2282411
4013;Arizona;Maricopa;4 05 2022;17305;1279872;33.34835867, -112.4918154
4013;Arizona;Maricopa;9 05 2022;17305;1279872;33.34835867, -112.4918154
4013;Arizona;Maricopa;5 05 2022;17305;1279872;33.34835867, -112.4918154
4013;Arizona;Maricopa;28 04 2022;17153;1277230;33.34835867, -112.4918154
4013;Arizona;Maricopa;30 04 2022;17153;1277230;33.34835867, -112.4918154
4013;Arizona;Maricopa;27 04 2022;17153;1277230;33.34835867, -112.4918154
4013;Arizona;Maricopa;3 05 2022;17153;1277230;33.34835867, -112.4918154
4013;Arizona;Maricopa;20 04 2022;17103;1275525;33.34835867, -112.4918154
4013;Arizona;Maricopa;18 04 2022;17079;1273651;33.34835867, -112.4918154
4013;Arizona;Maricopa;16 04 2022;17079;1273651;33.34835867, -112.4918154
4013;Arizona;Maricopa;10 04 2022;17004;1272999;33.34835867, -112.4918154
6037;California;Los Angeles;31 01 2021;16770;1116948;34.30828379, -118.2282411
4013;Arizona;Maricopa;31 03 2022;16686;1268293;33.34835867, -112.4918154
4013;Arizona;Maricopa;4 04 2022;16686;1268293;33.34835867, -112.4918154
4013;Arizona;Maricopa;25 03 2022;16393;1260012;33.34835867, -112.4918154
4013;Arizona;Maricopa;23 03 2022;16393;1256653;33.34835867, -112.4918154
4013;Arizona;Maricopa;24 03 2022;16393;1260012;33.34835867, -112.4918154
4013;Arizona;Maricopa;29 03 2022;16393;1260012;33.34835867, -112.4918154
4013;Arizona;Maricopa;16 03 2022;16166;1253285;33.34835867, -112.4918154
4013;Arizona;Maricopa;21 03 2022;16166;1256653;33.34835867, -112.4918154
4013;Arizona;Maricopa;11 03 2022;15855;1253285;33.34835867, -112.4918154
4013;Arizona;Maricopa;10 03 2022;15855;1253285;33.34835867, -112.4918154
4013;Arizona;Maricopa;9 03 2022;15855;1248818;33.34835867, -112.4918154
4013;Arizona;Maricopa;28 02 2022;15761;1246178;33.34835867, -112.4918154
4013;Arizona;Maricopa;1 03 2022;15761;1246178;33.34835867, -112.4918154
4013;Arizona;Maricopa;25 02 2022;15753;1245088;33.34835867, -112.4918154
4013;Arizona;Maricopa;24 02 2022;15710;1243994;33.34835867, -112.4918154
4013;Arizona;Maricopa;5 03 2022;15625;1248818;33.34835867, -112.4918154
6037;California;Los Angeles;26 01 2021;15614;1085488;34.30828379, -118.2282411
4013;Arizona;Maricopa;17 02 2022;15424;1235746;33.34835867, -112.4918154
4013;Arizona;Maricopa;16 02 2022;15321;1234151;33.34835867, -112.4918154
4013;Arizona;Maricopa;14 02 2022;15320;1232073;33.34835867, -112.4918154
4013;Arizona;Maricopa;13 02 2022;15320;1230503;33.34835867, -112.4918154
6037;California;Los Angeles;25 01 2021;15314;1079672;34.30828379, -118.2282411
4013;Arizona;Maricopa;11 02 2022;15256;1225561;33.34835867, -112.4918154
4013;Arizona;Maricopa;6 02 2022;14987;1211770;33.34835867, -112.4918154
4013;Arizona;Maricopa;1 02 2022;14819;1188443;33.34835867, -112.4918154
17031;Illinois;Cook;1 10 2022;14801;1406909;41.84144849, -87.81658794
17031;Illinois;Cook;25 09 2022;14780;1402590;41.84144849, -87.81658794
17031;Illinois;Cook;18 09 2022;14766;1394936;41.84144849, -87.81658794
17031;Illinois;Cook;13 09 2022;14750;1391863;41.84144849, -87.81658794
4013;Arizona;Maricopa;31 01 2022;14735;1183959;33.34835867, -112.4918154
17031;Illinois;Cook;6 09 2022;14725;1385187;41.84144849, -87.81658794
17031;Illinois;Cook;4 09 2022;14724;1381839;41.84144849, -87.81658794
17031;Illinois;Cook;29 08 2022;14707;1376476;41.84144849, -87.81658794
17031;Illinois;Cook;24 08 2022;14692;1370957;41.84144849, -87.81658794
17031;Illinois;Cook;22 08 2022;14683;1368578;41.84144849, -87.81658794
17031;Illinois;Cook;15 08 2022;14661;1360120;41.84144849, -87.81658794
17031;Illinois;Cook;12 08 2022;14657;1357037;41.84144849, -87.81658794
17031;Illinois;Cook;14 08 2022;14657;1357037;41.84144849, -87.81658794
17031;Illinois;Cook;10 08 2022;14647;1353704;41.84144849, -87.81658794
17031;Illinois;Cook;9 08 2022;14640;1352708;41.84144849, -87.81658794
17031;Illinois;Cook;4 08 2022;14623;1345174;41.84144849, -87.81658794
17031;Illinois;Cook;29 07 2022;14601;1336170;41.84144849, -87.81658794
17031;Illinois;Cook;13 07 2022;14556;1307317;41.84144849, -87.81658794
17031;Illinois;Cook;14 07 2022;14556;1309197;41.84144849, -87.81658794
17031;Illinois;Cook;7 07 2022;14539;1296262;41.84144849, -87.81658794
17031;Illinois;Cook;25 06 2022;14511;1276904;41.84144849, -87.81658794
17031;Illinois;Cook;14 06 2022;14469;1260838;41.84144849, -87.81658794
17031;Illinois;Cook;13 06 2022;14462;1259475;41.84144849, -87.81658794
17031;Illinois;Cook;9 06 2022;14458;1253333;41.84144849, -87.81658794
17031;Illinois;Cook;11 06 2022;14447;1255885;41.84144849, -87.81658794
17031;Illinois;Cook;31 05 2022;14422;1235219;41.84144849, -87.81658794
17031;Illinois;Cook;29 05 2022;14420;1228299;41.84144849, -87.81658794
17031;Illinois;Cook;28 05 2022;14420;1228299;41.84144849, -87.81658794
6037;California;Los Angeles;20 01 2021;14416;1038738;34.30828379, -118.2282411
17031;Illinois;Cook;24 05 2022;14413;1220532;41.84144849, -87.81658794
17031;Illinois;Cook;22 05 2022;14401;1211998;41.84144849, -87.81658794
17031;Illinois;Cook;19 05 2022;14397;1209972;41.84144849, -87.81658794
17031;Illinois;Cook;18 05 2022;14391;1206347;41.84144849, -87.81658794
17031;Illinois;Cook;16 05 2022;14383;1201896;41.84144849, -87.81658794
17031;Illinois;Cook;15 05 2022;14381;1193914;41.84144849, -87.81658794
17031;Illinois;Cook;14 05 2022;14381;1193914;41.84144849, -87.81658794
17031;Illinois;Cook;12 05 2022;14377;1189960;41.84144849, -87.81658794
17031;Illinois;Cook;10 05 2022;14372;1184612;41.84144849, -87.81658794
17031;Illinois;Cook;3 05 2022;14351;1167319;41.84144849, -87.81658794
17031;Illinois;Cook;2 05 2022;14349;1165715;41.84144849, -87.81658794
17031;Illinois;Cook;1 05 2022;14349;1161686;41.84144849, -87.81658794
17031;Illinois;Cook;29 04 2022;14349;1161686;41.84144849, -87.81658794
17031;Illinois;Cook;28 04 2022;14337;1158806;41.84144849, -87.81658794
17031;Illinois;Cook;25 04 2022;14332;1154229;41.84144849, -87.81658794
17031;Illinois;Cook;23 04 2022;14324;1150204;41.84144849, -87.81658794
17031;Illinois;Cook;22 04 2022;14324;1150204;41.84144849, -87.81658794
17031;Illinois;Cook;15 04 2022;14296;1140977;41.84144849, -87.81658794
17031;Illinois;Cook;7 04 2022;14283;1132875;41.84144849, -87.81658794
17031;Illinois;Cook;11 04 2022;14282;1136504;41.84144849, -87.81658794
17031;Illinois;Cook;10 04 2022;14282;1134146;41.84144849, -87.81658794
17031;Illinois;Cook;8 04 2022;14282;1134146;41.84144849, -87.81658794
17031;Illinois;Cook;29 03 2022;14250;1126435;41.84144849, -87.81658794
17031;Illinois;Cook;28 03 2022;14244;1125678;41.84144849, -87.81658794
17031;Illinois;Cook;26 03 2022;14238;1124384;41.84144849, -87.81658794
17031;Illinois;Cook;25 03 2022;14238;1124384;41.84144849, -87.81658794
17031;Illinois;Cook;21 03 2022;14204;1121743;41.84144849, -87.81658794
17031;Illinois;Cook;17 03 2022;14195;1119976;41.84144849, -87.81658794
17031;Illinois;Cook;16 03 2022;14191;1119444;41.84144849, -87.81658794
17031;Illinois;Cook;14 03 2022;14173;1118357;41.84144849, -87.81658794
4013;Arizona;Maricopa;16 01 2022;14154;997207;33.34835867, -112.4918154
17031;Illinois;Cook;7 03 2022;14123;1114552;41.84144849, -87.81658794
6037;California;Los Angeles;19 01 2021;14122;1032806;34.30828379, -118.2282411
17031;Illinois;Cook;6 03 2022;14110;1113552;41.84144849, -87.81658794
17031;Illinois;Cook;3 03 2022;14099;1113031;41.84144849, -87.81658794
4013;Arizona;Maricopa;14 01 2022;14097;995019;33.34835867, -112.4918154
4013;Arizona;Maricopa;12 01 2022;14064;969741;33.34835867, -112.4918154
4013;Arizona;Maricopa;9 01 2022;13952;937211;33.34835867, -112.4918154
4013;Arizona;Maricopa;8 01 2022;13914;926432;33.34835867, -112.4918154
17031;Illinois;Cook;17 02 2022;13868;1104210;41.84144849, -87.81658794
4013;Arizona;Maricopa;7 01 2022;13867;914958;33.34835867, -112.4918154
4013;Arizona;Maricopa;4 01 2022;13813;892504;33.34835867, -112.4918154
17031;Illinois;Cook;14 02 2022;13795;1102010;41.84144849, -87.81658794
4013;Arizona;Maricopa;1 01 2022;13737;877142;33.34835867, -112.4918154
4013;Arizona;Maricopa;2 01 2022;13737;877144;33.34835867, -112.4918154
4013;Arizona;Maricopa;3 01 2022;13737;887308;33.34835867, -112.4918154
17031;Illinois;Cook;10 02 2022;13725;1097792;41.84144849, -87.81658794
4013;Arizona;Maricopa;26 12 2021;13552;853298;33.34835867, -112.4918154
4013;Arizona;Maricopa;25 12 2021;13552;853296;33.34835867, -112.4918154
6037;California;Los Angeles;15 01 2021;13504;990632;34.30828379, -118.2282411
17031;Illinois;Cook;5 02 2022;13497;1089942;41.84144849, -87.81658794
4013;Arizona;Maricopa;23 12 2021;13492;848132;33.34835867, -112.4918154
17031;Illinois;Cook;2 02 2022;13433;1084468;41.84144849, -87.81658794
36047;New York;Kings;6 10 2022;13398;860403;40.6361825, -73.94935552
36047;New York;Kings;2 10 2022;13384;857249;40.6361825, -73.94935552
36047;New York;Kings;30 09 2022;13384;857249;40.6361825, -73.94935552
36047;New York;Kings;22 09 2022;13354;852593;40.6361825, -73.94935552
36047;New York;Kings;20 09 2022;13349;851229;40.6361825, -73.94935552
36047;New York;Kings;18 09 2022;13337;849007;40.6361825, -73.94935552
36047;New York;Kings;12 09 2022;13314;846820;40.6361825, -73.94935552
36047;New York;Kings;11 09 2022;13299;844466;40.6361825, -73.94935552
36047;New York;Kings;8 09 2022;13299;844466;40.6361825, -73.94935552
36047;New York;Kings;7 09 2022;13294;844088;40.6361825, -73.94935552
6037;California;Los Angeles;14 01 2021;13244;976075;34.30828379, -118.2282411
17031;Illinois;Cook;29 01 2022;13240;1075346;41.84144849, -87.81658794
17031;Illinois;Cook;28 01 2022;13240;1075346;41.84144849, -87.81658794
36047;New York;Kings;20 08 2022;13217;832986;40.6361825, -73.94935552
36047;New York;Kings;17 08 2022;13206;831141;40.6361825, -73.94935552
17031;Illinois;Cook;27 01 2022;13190;1071981;41.84144849, -87.81658794
36047;New York;Kings;14 08 2022;13188;827749;40.6361825, -73.94935552
36047;New York;Kings;9 08 2022;13168;824781;40.6361825, -73.94935552
36047;New York;Kings;5 08 2022;13161;821673;40.6361825, -73.94935552
4013;Arizona;Maricopa;12 12 2021;13127;828549;33.34835867, -112.4918154
36047;New York;Kings;29 07 2022;13114;812735;40.6361825, -73.94935552
36047;New York;Kings;25 07 2022;13090;809819;40.6361825, -73.94935552
36047;New York;Kings;22 07 2022;13086;806280;40.6361825, -73.94935552
17031;Illinois;Cook;25 01 2022;13068;1065712;41.84144849, -87.81658794
36047;New York;Kings;18 07 2022;13067;801247;40.6361825, -73.94935552
36047;New York;Kings;15 07 2022;13064;797158;40.6361825, -73.94935552
4013;Arizona;Maricopa;9 12 2021;13043;821487;33.34835867, -112.4918154
36047;New York;Kings;2 07 2022;13015;781079;40.6361825, -73.94935552
36047;New York;Kings;30 06 2022;13009;779561;40.6361825, -73.94935552
6037;California;Los Angeles;13 01 2021;12972;959156;34.30828379, -118.2282411
36047;New York;Kings;19 06 2022;12971;767683;40.6361825, -73.94935552
36047;New York;Kings;17 06 2022;12971;767683;40.6361825, -73.94935552
36047;New York;Kings;18 06 2022;12971;767683;40.6361825, -73.94935552
36047;New York;Kings;10 06 2022;12936;760509;40.6361825, -73.94935552
36047;New York;Kings;4 06 2022;12913;754453;40.6361825, -73.94935552
36047;New York;Kings;2 06 2022;12909;753012;40.6361825, -73.94935552
36047;New York;Kings;28 05 2022;12893;747336;40.6361825, -73.94935552
36047;New York;Kings;29 05 2022;12893;747336;40.6361825, -73.94935552
36047;New York;Kings;25 05 2022;12883;743987;40.6361825, -73.94935552
36047;New York;Kings;23 05 2022;12871;742121;40.6361825, -73.94935552
36047;New York;Kings;20 05 2022;12868;738254;40.6361825, -73.94935552
36047;New York;Kings;14 05 2022;12848;729476;40.6361825, -73.94935552
36047;New York;Kings;13 05 2022;12848;729476;40.6361825, -73.94935552
36047;New York;Kings;6 05 2022;12834;720048;40.6361825, -73.94935552
36047;New York;Kings;3 05 2022;12830;716884;40.6361825, -73.94935552
36047;New York;Kings;2 05 2022;12828;716153;40.6361825, -73.94935552
36047;New York;Kings;30 04 2022;12827;713634;40.6361825, -73.94935552
4013;Arizona;Maricopa;1 12 2021;12801;802164;33.34835867, -112.4918154
36047;New York;Kings;17 04 2022;12794;703930;40.6361825, -73.94935552
36047;New York;Kings;13 04 2022;12794;702331;40.6361825, -73.94935552
36047;New York;Kings;12 04 2022;12793;701840;40.6361825, -73.94935552
36047;New York;Kings;9 04 2022;12789;699469;40.6361825, -73.94935552
36047;New York;Kings;29 03 2022;12783;694279;40.6361825, -73.94935552
36047;New York;Kings;8 03 2022;12740;687363;40.6361825, -73.94935552
36047;New York;Kings;11 03 2022;12739;688014;40.6361825, -73.94935552
36047;New York;Kings;12 03 2022;12739;688014;40.6361825, -73.94935552
36047;New York;Kings;4 03 2022;12721;686511;40.6361825, -73.94935552
17031;Illinois;Cook;19 01 2022;12717;1021674;41.84144849, -87.81658794
4013;Arizona;Maricopa;25 11 2021;12713;791573;33.34835867, -112.4918154
6037;California;Los Angeles;12 01 2021;12706;947035;34.30828379, -118.2282411
36047;New York;Kings;17 02 2022;12603;682708;40.6361825, -73.94935552
4013;Arizona;Maricopa;21 11 2021;12603;783578;33.34835867, -112.4918154
4013;Arizona;Maricopa;22 11 2021;12603;785777;33.34835867, -112.4918154
36047;New York;Kings;16 02 2022;12588;682323;40.6361825, -73.94935552
4013;Arizona;Maricopa;18 11 2021;12536;775124;33.34835867, -112.4918154
17031;Illinois;Cook;16 01 2022;12503;986858;41.84144849, -87.81658794
4013;Arizona;Maricopa;17 11 2021;12498;772929;33.34835867, -112.4918154
4013;Arizona;Maricopa;16 11 2021;12490;771037;33.34835867, -112.4918154
36047;New York;Kings;10 02 2022;12485;680029;40.6361825, -73.94935552
4013;Arizona;Maricopa;15 11 2021;12459;769375;33.34835867, -112.4918154
17031;Illinois;Cook;13 01 2022;12458;977558;41.84144849, -87.81658794
4013;Arizona;Maricopa;12 11 2021;12439;763698;33.34835867, -112.4918154
17031;Illinois;Cook;12 01 2022;12406;966133;41.84144849, -87.81658794
4013;Arizona;Maricopa;10 11 2021;12397;757552;33.34835867, -112.4918154
36081;New York;Queens;6 10 2022;12387;800196;40.71088124, -73.81684712
36081;New York;Queens;2 10 2022;12366;796990;40.71088124, -73.81684712
36081;New York;Queens;29 09 2022;12363;796289;40.71088124, -73.81684712
4013;Arizona;Maricopa;7 11 2021;12352;752986;33.34835867, -112.4918154
17031;Illinois;Cook;11 01 2022;12351;955286;41.84144849, -87.81658794
36081;New York;Queens;26 09 2022;12319;794822;40.71088124, -73.81684712
36081;New York;Queens;24 09 2022;12315;792977;40.71088124, -73.81684712
36081;New York;Queens;19 09 2022;12293;790518;40.71088124, -73.81684712
17031;Illinois;Cook;10 01 2022;12289;947175;41.84144849, -87.81658794
36081;New York;Queens;13 09 2022;12277;786789;40.71088124, -73.81684712
4013;Arizona;Maricopa;3 11 2021;12277;744385;33.34835867, -112.4918154
36047;New York;Kings;2 02 2022;12271;673900;40.6361825, -73.94935552
36081;New York;Queens;9 09 2022;12263;784002;40.71088124, -73.81684712
36081;New York;Queens;6 09 2022;12255;783166;40.71088124, -73.81684712
36081;New York;Queens;5 09 2022;12253;780903;40.71088124, -73.81684712
36081;New York;Queens;1 09 2022;12251;780263;40.71088124, -73.81684712
36081;New York;Queens;31 08 2022;12244;779499;40.71088124, -73.81684712
4013;Arizona;Maricopa;2 11 2021;12230;741940;33.34835867, -112.4918154
4013;Arizona;Maricopa;31 10 2021;12230;740666;33.34835867, -112.4918154
36081;New York;Queens;28 08 2022;12228;776547;40.71088124, -73.81684712
36081;New York;Queens;19 08 2022;12204;771487;40.71088124, -73.81684712
36081;New York;Queens;18 08 2022;12197;770641;40.71088124, -73.81684712
36047;New York;Kings;29 01 2022;12175;670414;40.6361825, -73.94935552
17031;Illinois;Cook;6 01 2022;12159;900993;41.84144849, -87.81658794
36081;New York;Queens;9 08 2022;12152;762865;40.71088124, -73.81684712
36081;New York;Queens;5 08 2022;12135;759454;40.71088124, -73.81684712
36047;New York;Kings;28 01 2022;12132;668636;40.6361825, -73.94935552
36081;New York;Queens;3 08 2022;12119;755499;40.71088124, -73.81684712
36081;New York;Queens;1 08 2022;12110;754799;40.71088124, -73.81684712
36081;New York;Queens;30 07 2022;12097;750139;40.71088124, -73.81684712
6037;California;Los Angeles;9 01 2021;12090;907077;34.30828379, -118.2282411
36081;New York;Queens;25 07 2022;12072;746930;40.71088124, -73.81684712
36081;New York;Queens;22 07 2022;12068;743399;40.71088124, -73.81684712
36081;New York;Queens;11 07 2022;12028;728527;40.71088124, -73.81684712
36081;New York;Queens;9 07 2022;12024;724641;40.71088124, -73.81684712
36081;New York;Queens;2 07 2022;12010;717219;40.71088124, -73.81684712
36081;New York;Queens;3 07 2022;12010;717219;40.71088124, -73.81684712
36081;New York;Queens;4 07 2022;12010;717219;40.71088124, -73.81684712
36081;New York;Queens;27 06 2022;11990;713065;40.71088124, -73.81684712
17031;Illinois;Cook;30 12 2021;11986;821472;41.84144849, -87.81658794
17031;Illinois;Cook;2 01 2022;11986;821472;41.84144849, -87.81658794
17031;Illinois;Cook;31 12 2021;11986;821472;41.84144849, -87.81658794
36081;New York;Queens;22 06 2022;11979;707913;40.71088124, -73.81684712
36081;New York;Queens;17 06 2022;11975;704024;40.71088124, -73.81684712
36081;New York;Queens;15 06 2022;11964;702068;40.71088124, -73.81684712
17031;Illinois;Cook;29 12 2021;11960;808541;41.84144849, -87.81658794
36081;New York;Queens;9 06 2022;11942;697028;40.71088124, -73.81684712
36081;New York;Queens;11 06 2022;11942;697369;40.71088124, -73.81684712
36081;New York;Queens;12 06 2022;11942;698048;40.71088124, -73.81684712
17031;Illinois;Cook;28 12 2021;11941;798775;41.84144849, -87.81658794
36081;New York;Queens;8 06 2022;11938;695861;40.71088124, -73.81684712
36081;New York;Queens;7 06 2022;11933;694732;40.71088124, -73.81684712
36081;New York;Queens;6 06 2022;11930;693956;40.71088124, -73.81684712
36081;New York;Queens;3 06 2022;11929;690969;40.71088124, -73.81684712
36081;New York;Queens;2 06 2022;11928;689706;40.71088124, -73.81684712
36081;New York;Queens;31 05 2022;11921;688315;40.71088124, -73.81684712
36081;New York;Queens;27 05 2022;11915;684572;40.71088124, -73.81684712
36047;New York;Kings;24 01 2022;11914;660505;40.6361825, -73.94935552
36081;New York;Queens;26 05 2022;11911;683226;40.71088124, -73.81684712
36047;New York;Kings;23 01 2022;11900;658864;40.6361825, -73.94935552
36081;New York;Queens;20 05 2022;11894;676440;40.71088124, -73.81684712
36081;New York;Queens;22 05 2022;11894;678956;40.71088124, -73.81684712
36081;New York;Queens;21 05 2022;11894;677619;40.71088124, -73.81684712
36081;New York;Queens;17 05 2022;11885;672663;40.71088124, -73.81684712
17031;Illinois;Cook;27 12 2021;11881;789332;41.84144849, -87.81658794
36081;New York;Queens;11 05 2022;11875;665738;40.71088124, -73.81684712
36081;New York;Queens;9 05 2022;11873;663260;40.71088124, -73.81684712
36081;New York;Queens;7 05 2022;11871;662173;40.71088124, -73.81684712
36081;New York;Queens;1 05 2022;11864;655636;40.71088124, -73.81684712
36081;New York;Queens;29 04 2022;11864;654115;40.71088124, -73.81684712
36081;New York;Queens;27 04 2022;11858;652492;40.71088124, -73.81684712
36047;New York;Kings;22 01 2022;11847;652450;40.6361825, -73.94935552
36081;New York;Queens;13 04 2022;11847;644078;40.71088124, -73.81684712
36081;New York;Queens;9 04 2022;11839;642910;40.71088124, -73.81684712
17031;Illinois;Cook;26 12 2021;11830;759614;41.84144849, -87.81658794
17031;Illinois;Cook;25 12 2021;11830;759614;41.84144849, -87.81658794
36081;New York;Queens;26 03 2022;11828;638319;40.71088124, -73.81684712
4013;Arizona;Maricopa;16 10 2021;11827;718831;33.34835867, -112.4918154
4013;Arizona;Maricopa;18 10 2021;11827;718831;33.34835867, -112.4918154
36081;New York;Queens;23 03 2022;11822;637555;40.71088124, -73.81684712
4013;Arizona;Maricopa;15 10 2021;11816;717366;33.34835867, -112.4918154
17031;Illinois;Cook;22 12 2021;11811;749730;41.84144849, -87.81658794
36081;New York;Queens;18 03 2022;11810;636987;40.71088124, -73.81684712
36081;New York;Queens;13 03 2022;11789;636144;40.71088124, -73.81684712
4013;Arizona;Maricopa;13 10 2021;11778;714404;33.34835867, -112.4918154
36081;New York;Queens;6 03 2022;11775;635355;40.71088124, -73.81684712
36081;New York;Queens;5 03 2022;11767;635248;40.71088124, -73.81684712
36081;New York;Queens;25 02 2022;11731;634000;40.71088124, -73.81684712
4013;Arizona;Maricopa;10 10 2021;11729;710633;33.34835867, -112.4918154
36081;New York;Queens;24 02 2022;11715;633799;40.71088124, -73.81684712